{
  "openapi" : "3.0.1",
  "info" : {
    "title" : "Levis Shopify Custom API",
    "description" : "The Levis Shopify Custom API description",
    "version" : "1.0"
  },
  "servers" : [ {
    "url" : "https://api-asia.levi-site.com/{basePath}",
    "variables" : {
      "basePath" : {
        "default" : "shopify"
      }
    }
  } ],
  "paths" : {
    "/shopify-proxy-customer/profile-update" : {
      "put" : {
        "operationId" : "ShopifyProxyCustomerController_profileUpdate",
        "requestBody" : {
          "content" : {
            "application/json" : {
              "schema" : {
                "$ref" : "#/components/schemas/ShopifyProxyCustomerUpdateDto"
              }
            }
          },
          "required" : true
        },
        "responses" : {
          "200" : {
            "description" : "200 response",
            "content" : { }
          }
        },
        "x-amazon-apigateway-integration" : {
          "type" : "http_proxy",
          "httpMethod" : "PUT",
          "uri" : "https://vngg4n3xyu.ap-southeast-1.awsapprunner.com/shopify-proxy-customer/profile-update",
          "passthroughBehavior" : "when_no_match"
        }
      }
    },
    "/shopify-proxy-location/product-find-in-stores" : {
      "get" : {
        "operationId" : "ShopifyProxyLocationController_productFindInStores",
        "parameters" : [ {
          "name" : "lng",
          "in" : "query",
          "required" : true,
          "schema" : {
            "type" : "string"
          }
        }, {
          "name" : "variantId",
          "in" : "query",
          "required" : true,
          "schema" : {
            "type" : "string"
          }
        }, {
          "name" : "lat",
          "in" : "query",
          "required" : true,
          "schema" : {
            "type" : "string"
          }
        } ],
        "responses" : {
          "200" : {
            "description" : "200 response",
            "content" : { }
          }
        },
        "x-amazon-apigateway-integration" : {
          "type" : "http_proxy",
          "httpMethod" : "GET",
          "uri" : "https://vngg4n3xyu.ap-southeast-1.awsapprunner.com/shopify-proxy-location/product-find-in-stores",
          "passthroughBehavior" : "when_no_match"
        }
      }
    },
    "/shopify-proxy-auth/verify-otp" : {
      "post" : {
        "operationId" : "ShopifyProxyAuthController_verifyOtp",
        "requestBody" : {
          "content" : {
            "application/json" : {
              "schema" : {
                "$ref" : "#/components/schemas/ShopifyProxyVerifyOtpDto"
              }
            }
          },
          "required" : true
        },
        "responses" : {
          "200" : {
            "description" : "200 response",
            "content" : { }
          }
        },
        "x-amazon-apigateway-integration" : {
          "type" : "http_proxy",
          "httpMethod" : "POST",
          "uri" : "https://vngg4n3xyu.ap-southeast-1.awsapprunner.com/shopify-proxy-auth/verify-otp",
          "passthroughBehavior" : "when_no_match"
        }
      }
    },
    "/shopify-proxy-customer/password-reset" : {
      "post" : {
        "operationId" : "ShopifyProxyCustomerController_passwordReset",
        "requestBody" : {
          "content" : {
            "application/json" : {
              "schema" : {
                "$ref" : "#/components/schemas/ShopifyProxyCustomerPasswordResetDto"
              }
            }
          },
          "required" : true
        },
        "responses" : {
          "200" : {
            "description" : "200 response",
            "content" : { }
          }
        },
        "x-amazon-apigateway-integration" : {
          "type" : "http_proxy",
          "httpMethod" : "POST",
          "uri" : "https://vngg4n3xyu.ap-southeast-1.awsapprunner.com/shopify-proxy-customer/password-reset",
          "passthroughBehavior" : "when_no_match"
        }
      }
    },
    "/shopify-proxy-auth/validate-referral-code" : {
      "post" : {
        "operationId" : "ShopifyProxyAuthController_referralCodeValidate",
        "requestBody" : {
          "content" : {
            "application/json" : {
              "schema" : {
                "$ref" : "#/components/schemas/ShopifyProxyValidateReferralCodeDto"
              }
            }
          },
          "required" : true
        },
        "responses" : {
          "200" : {
            "description" : "200 response",
            "content" : { }
          }
        },
        "x-amazon-apigateway-integration" : {
          "type" : "http_proxy",
          "httpMethod" : "POST",
          "uri" : "https://vngg4n3xyu.ap-southeast-1.awsapprunner.com/shopify-proxy-auth/validate-referral-code",
          "passthroughBehavior" : "when_no_match"
        }
      }
    },
    "/shopify-proxy-customer-address/address-update" : {
      "put" : {
        "operationId" : "ShopifyProxyCustomerAddressController_addressUpdate",
        "requestBody" : {
          "content" : {
            "application/json" : {
              "schema" : {
                "$ref" : "#/components/schemas/ShopifyProxyCustomerAddressUpdateDto"
              }
            }
          },
          "required" : true
        },
        "responses" : {
          "200" : {
            "description" : "200 response",
            "content" : { }
          }
        },
        "x-amazon-apigateway-integration" : {
          "type" : "http_proxy",
          "httpMethod" : "PUT",
          "uri" : "https://vngg4n3xyu.ap-southeast-1.awsapprunner.com/shopify-proxy-customer-address/address-update",
          "passthroughBehavior" : "when_no_match"
        }
      }
    },
    "/shopify-proxy-referrer/invite" : {
      "post" : {
        "operationId" : "ShopifyProxyReferrerController_friendInvitationCreate",
        "requestBody" : {
          "content" : {
            "application/json" : {
              "schema" : {
                "$ref" : "#/components/schemas/ShopifyProxyReferrerDto"
              }
            }
          },
          "required" : true
        },
        "responses" : {
          "200" : {
            "description" : "200 response",
            "content" : { }
          }
        },
        "x-amazon-apigateway-integration" : {
          "type" : "http_proxy",
          "httpMethod" : "POST",
          "uri" : "https://vngg4n3xyu.ap-southeast-1.awsapprunner.com/shopify-proxy-referrer/invite",
          "passthroughBehavior" : "when_no_match"
        }
      }
    },
    "/shopify-proxy-otp/send-otp" : {
      "post" : {
        "operationId" : "ShopifyProxyOtpController_sendOtp",
        "requestBody" : {
          "content" : {
            "application/json" : {
              "schema" : {
                "$ref" : "#/components/schemas/ShopifyProxyAuthValidateDto"
              }
            }
          },
          "required" : true
        },
        "responses" : {
          "200" : {
            "description" : "200 response",
            "content" : { }
          }
        },
        "x-amazon-apigateway-integration" : {
          "type" : "http_proxy",
          "httpMethod" : "POST",
          "uri" : "https://vngg4n3xyu.ap-southeast-1.awsapprunner.com/shopify-proxy-otp/send-otp",
          "passthroughBehavior" : "when_no_match"
        }
      },
      "options" : {
        "responses" : {
          "200" : {
            "description" : "200 response",
            "headers" : {
              "Access-Control-Allow-Origin" : {
                "schema" : {
                  "type" : "string"
                }
              },
              "Access-Control-Allow-Methods" : {
                "schema" : {
                  "type" : "string"
                }
              },
              "Access-Control-Max-Age" : {
                "schema" : {
                  "type" : "string"
                }
              },
              "Access-Control-Allow-Headers" : {
                "schema" : {
                  "type" : "string"
                }
              }
            },
            "content" : { }
          }
        },
        "x-amazon-apigateway-integration" : {
          "type" : "mock",
          "responses" : {
            "default" : {
              "statusCode" : "200",
              "responseParameters" : {
                "method.response.header.Access-Control-Max-Age" : "'86400'",
                "method.response.header.Access-Control-Allow-Methods" : "'OPTIONS'",
                "method.response.header.Access-Control-Allow-Headers" : "'Content-Type,X-Amz-Date,Authorization,X-Api-Key,X-Amz-Security-Token,Content-Type, Accept, Authorization, X-Requested-With, Application, ip'",
                "method.response.header.Access-Control-Allow-Origin" : "'*'"
              }
            }
          },
          "requestTemplates" : {
            "application/json" : "{\"statusCode\": 200}"
          },
          "passthroughBehavior" : "when_no_match"
        }
      }
    },
    "/shopify-proxy-discount/apply-voucher" : {
      "post" : {
        "operationId" : "ShopifyProxyDiscountController_applyVoucher",
        "requestBody" : {
          "content" : {
            "application/json" : {
              "schema" : {
                "$ref" : "#/components/schemas/ShopifyProxyVoucherApplyDto"
              }
            }
          },
          "required" : true
        },
        "responses" : {
          "200" : {
            "description" : "200 response",
            "content" : { }
          }
        },
        "x-amazon-apigateway-integration" : {
          "type" : "http_proxy",
          "httpMethod" : "POST",
          "uri" : "https://vngg4n3xyu.ap-southeast-1.awsapprunner.com/shopify-proxy-discount/apply-voucher",
          "passthroughBehavior" : "when_no_match"
        }
      },
      "options" : {
        "responses" : {
          "200" : {
            "description" : "200 response",
            "headers" : {
              "Access-Control-Allow-Origin" : {
                "schema" : {
                  "type" : "string"
                }
              },
              "Access-Control-Allow-Methods" : {
                "schema" : {
                  "type" : "string"
                }
              },
              "Access-Control-Max-Age" : {
                "schema" : {
                  "type" : "string"
                }
              },
              "Access-Control-Allow-Headers" : {
                "schema" : {
                  "type" : "string"
                }
              }
            },
            "content" : { }
          }
        },
        "x-amazon-apigateway-integration" : {
          "type" : "mock",
          "responses" : {
            "default" : {
              "statusCode" : "200",
              "responseParameters" : {
                "method.response.header.Access-Control-Max-Age" : "'86400'",
                "method.response.header.Access-Control-Allow-Methods" : "'OPTIONS'",
                "method.response.header.Access-Control-Allow-Headers" : "'Content-Type,X-Amz-Date,Authorization,X-Api-Key,X-Amz-Security-Token,ip,Accept'",
                "method.response.header.Access-Control-Allow-Origin" : "'*'"
              }
            }
          },
          "requestTemplates" : {
            "application/json" : "{\"statusCode\": 200}"
          },
          "passthroughBehavior" : "when_no_match"
        }
      }
    },
    "/shopify-proxy-account/create-voucher/{voucherId}" : {
      "post" : {
        "operationId" : "ShopifyProxyAccountController_createVoucher",
        "parameters" : [ {
          "name" : "voucherId",
          "in" : "path",
          "required" : true,
          "schema" : {
            "type" : "string"
          }
        } ],
        "requestBody" : {
          "content" : {
            "application/json" : {
              "schema" : {
                "$ref" : "#/components/schemas/ShopifyProxyAuthValidateDto"
              }
            }
          },
          "required" : true
        },
        "responses" : {
          "200" : {
            "description" : "200 response",
            "content" : { }
          }
        },
        "x-amazon-apigateway-integration" : {
          "type" : "http_proxy",
          "httpMethod" : "POST",
          "uri" : "https://vngg4n3xyu.ap-southeast-1.awsapprunner.com/shopify-proxy-account/create-voucher/{voucherId}",
          "requestParameters" : {
            "integration.request.path.voucherId" : "method.request.path.voucherId"
          },
          "passthroughBehavior" : "when_no_match"
        }
      }
    },
    "/shopify-proxy-discount/remove-voucher" : {
      "post" : {
        "operationId" : "ShopifyProxyDiscountController_removeVoucher",
        "requestBody" : {
          "content" : {
            "application/json" : {
              "schema" : {
                "$ref" : "#/components/schemas/ShopifyProxyVoucherApplyDto"
              }
            }
          },
          "required" : true
        },
        "responses" : {
          "200" : {
            "description" : "200 response",
            "content" : { }
          }
        },
        "x-amazon-apigateway-integration" : {
          "type" : "http_proxy",
          "httpMethod" : "POST",
          "uri" : "https://vngg4n3xyu.ap-southeast-1.awsapprunner.com/shopify-proxy-discount/remove-voucher",
          "passthroughBehavior" : "when_no_match"
        }
      },
      "options" : {
        "responses" : {
          "200" : {
            "description" : "200 response",
            "headers" : {
              "Access-Control-Allow-Origin" : {
                "schema" : {
                  "type" : "string"
                }
              },
              "Access-Control-Allow-Methods" : {
                "schema" : {
                  "type" : "string"
                }
              },
              "Access-Control-Max-Age" : {
                "schema" : {
                  "type" : "string"
                }
              },
              "Access-Control-Allow-Headers" : {
                "schema" : {
                  "type" : "string"
                }
              }
            },
            "content" : { }
          }
        },
        "x-amazon-apigateway-integration" : {
          "type" : "mock",
          "responses" : {
            "default" : {
              "statusCode" : "200",
              "responseParameters" : {
                "method.response.header.Access-Control-Max-Age" : "'86400'",
                "method.response.header.Access-Control-Allow-Methods" : "'OPTIONS'",
                "method.response.header.Access-Control-Allow-Headers" : "'Content-Type,X-Amz-Date,Authorization,X-Api-Key,X-Amz-Security-Token,Content-Type, Accept, Authorization, X-Requested-With, Application, ip'",
                "method.response.header.Access-Control-Allow-Origin" : "'*'"
              }
            }
          },
          "requestTemplates" : {
            "application/json" : "{\"statusCode\": 200}"
          },
          "passthroughBehavior" : "when_no_match"
        }
      }
    },
    "/shopify-proxy-discount/voucher-type" : {
      "get" : {
        "operationId" : "ShopifyProxyDiscountController_voucherType",
        "parameters" : [ {
          "name" : "code",
          "in" : "query",
          "required" : true,
          "schema" : {
            "type" : "string"
          }
        } ],
        "responses" : {
          "200" : {
            "description" : "200 response",
            "content" : { }
          }
        },
        "x-amazon-apigateway-integration" : {
          "type" : "http_proxy",
          "httpMethod" : "GET",
          "uri" : "https://vngg4n3xyu.ap-southeast-1.awsapprunner.com/shopify-proxy-discount/voucher-type",
          "passthroughBehavior" : "when_no_match"
        }
      }
    },
    "/shopify-proxy-otp/verify-otp" : {
      "post" : {
        "operationId" : "ShopifyProxyOtpController_verifyOtp",
        "requestBody" : {
          "content" : {
            "application/json" : {
              "schema" : {
                "$ref" : "#/components/schemas/ShopifyProxyVerifyOtpDto"
              }
            }
          },
          "required" : true
        },
        "responses" : {
          "200" : {
            "description" : "200 response",
            "content" : { }
          }
        },
        "x-amazon-apigateway-integration" : {
          "type" : "http_proxy",
          "httpMethod" : "POST",
          "uri" : "https://vngg4n3xyu.ap-southeast-1.awsapprunner.com/shopify-proxy-otp/verify-otp",
          "passthroughBehavior" : "when_no_match"
        }
      },
      "options" : {
        "responses" : {
          "200" : {
            "description" : "200 response",
            "headers" : {
              "Access-Control-Allow-Origin" : {
                "schema" : {
                  "type" : "string"
                }
              },
              "Access-Control-Allow-Methods" : {
                "schema" : {
                  "type" : "string"
                }
              },
              "Access-Control-Max-Age" : {
                "schema" : {
                  "type" : "string"
                }
              },
              "Access-Control-Allow-Headers" : {
                "schema" : {
                  "type" : "string"
                }
              }
            },
            "content" : { }
          }
        },
        "x-amazon-apigateway-integration" : {
          "type" : "mock",
          "responses" : {
            "default" : {
              "statusCode" : "200",
              "responseParameters" : {
                "method.response.header.Access-Control-Max-Age" : "'86400'",
                "method.response.header.Access-Control-Allow-Methods" : "'OPTIONS'",
                "method.response.header.Access-Control-Allow-Headers" : "'Content-Type,X-Amz-Date,Authorization,X-Api-Key,X-Amz-Security-Token, Content-Type, Accept, Authorization, X-Requested-With, Application, ip'",
                "method.response.header.Access-Control-Allow-Origin" : "'*'"
              }
            }
          },
          "requestTemplates" : {
            "application/json" : "{\"statusCode\": 200}"
          },
          "passthroughBehavior" : "when_no_match"
        }
      }
    },
    "/shopify-proxy-auth/validate" : {
      "post" : {
        "operationId" : "ShopifyProxyAuthController_validate",
        "requestBody" : {
          "content" : {
            "application/json" : {
              "schema" : {
                "$ref" : "#/components/schemas/ShopifyProxyAuthValidateDto"
              }
            }
          },
          "required" : true
        },
        "responses" : {
          "200" : {
            "description" : "200 response",
            "content" : { }
          }
        },
        "x-amazon-apigateway-integration" : {
          "type" : "http_proxy",
          "httpMethod" : "POST",
          "uri" : "https://vngg4n3xyu.ap-southeast-1.awsapprunner.com/shopify-proxy-auth/validate",
          "passthroughBehavior" : "when_no_match"
        }
      }
    },
    "/shopify-proxy-discount/vouchers" : {
      "get" : {
        "operationId" : "ShopifyProxyDiscountController_vouchers",
        "responses" : {
          "200" : {
            "description" : "200 response",
            "content" : { }
          }
        },
        "x-amazon-apigateway-integration" : {
          "type" : "http_proxy",
          "httpMethod" : "GET",
          "uri" : "https://vngg4n3xyu.ap-southeast-1.awsapprunner.com/shopify-proxy-discount/vouchers",
          "passthroughBehavior" : "when_no_match"
        }
      },
      "options" : {
        "responses" : {
          "200" : {
            "description" : "200 response",
            "headers" : {
              "Access-Control-Allow-Origin" : {
                "schema" : {
                  "type" : "string"
                }
              },
              "Access-Control-Allow-Methods" : {
                "schema" : {
                  "type" : "string"
                }
              },
              "Access-Control-Max-Age" : {
                "schema" : {
                  "type" : "string"
                }
              },
              "Access-Control-Allow-Headers" : {
                "schema" : {
                  "type" : "string"
                }
              }
            },
            "content" : { }
          }
        },
        "x-amazon-apigateway-integration" : {
          "type" : "mock",
          "responses" : {
            "default" : {
              "statusCode" : "200",
              "responseParameters" : {
                "method.response.header.Access-Control-Max-Age" : "'86400'",
                "method.response.header.Access-Control-Allow-Methods" : "'OPTIONS'",
                "method.response.header.Access-Control-Allow-Headers" : "'Content-Type,X-Amz-Date,Authorization,X-Api-Key,X-Amz-Security-Token, Content-Type, Accept, Authorization, X-Requested-With, Application, ip'",
                "method.response.header.Access-Control-Allow-Origin" : "'*'"
              }
            }
          },
          "requestTemplates" : {
            "application/json" : "{\"statusCode\": 200}"
          },
          "passthroughBehavior" : "when_no_match"
        }
      }
    },
    "/shopify-proxy-auth/terms" : {
      "post" : {
        "operationId" : "ShopifyProxyAuthController_terms",
        "requestBody" : {
          "content" : {
            "application/json" : {
              "schema" : {
                "$ref" : "#/components/schemas/ShopifyProxyAuthTermDto"
              }
            }
          },
          "required" : true
        },
        "responses" : {
          "200" : {
            "description" : "200 response",
            "content" : { }
          }
        },
        "x-amazon-apigateway-integration" : {
          "type" : "http_proxy",
          "httpMethod" : "POST",
          "uri" : "https://vngg4n3xyu.ap-southeast-1.awsapprunner.com/shopify-proxy-auth/terms",
          "passthroughBehavior" : "when_no_match"
        }
      }
    },
    "/shopify-proxy-account/purchase-histories" : {
      "get" : {
        "operationId" : "ShopifyProxyAccountController_purchaseHistories",
        "responses" : {
          "200" : {
            "description" : "200 response",
            "content" : { }
          }
        },
        "x-amazon-apigateway-integration" : {
          "type" : "http_proxy",
          "httpMethod" : "GET",
          "uri" : "https://vngg4n3xyu.ap-southeast-1.awsapprunner.com/shopify-proxy-account/purchase-histories",
          "passthroughBehavior" : "when_no_match"
        }
      }
    },
    "/shopify-proxy-account/rewards" : {
      "get" : {
        "operationId" : "ShopifyProxyAccountController_rewards",
        "responses" : {
          "200" : {
            "description" : "200 response",
            "content" : { }
          }
        },
        "x-amazon-apigateway-integration" : {
          "type" : "http_proxy",
          "httpMethod" : "GET",
          "uri" : "https://vngg4n3xyu.ap-southeast-1.awsapprunner.com/shopify-proxy-account/rewards",
          "passthroughBehavior" : "when_no_match"
        }
      }
    },
    "/shopify-proxy-address/migrate" : {
      "get" : {
        "operationId" : "ShopifyProxyAddressController_migrateAddress",
        "responses" : {
          "200" : {
            "description" : "200 response",
            "content" : { }
          }
        },
        "x-amazon-apigateway-integration" : {
          "type" : "http_proxy",
          "httpMethod" : "GET",
          "uri" : "https://vngg4n3xyu.ap-southeast-1.awsapprunner.com/shopify-proxy-address/migrate",
          "passthroughBehavior" : "when_no_match"
        }
      }
    },
    "/shopify-proxy-customer-address/address-create" : {
      "post" : {
        "operationId" : "ShopifyProxyCustomerAddressController_addressCreate",
        "requestBody" : {
          "content" : {
            "application/json" : {
              "schema" : {
                "$ref" : "#/components/schemas/ShopifyProxyCustomerAddressDto"
              }
            }
          },
          "required" : true
        },
        "responses" : {
          "200" : {
            "description" : "200 response",
            "content" : { }
          }
        },
        "x-amazon-apigateway-integration" : {
          "type" : "http_proxy",
          "httpMethod" : "POST",
          "uri" : "https://vngg4n3xyu.ap-southeast-1.awsapprunner.com/shopify-proxy-customer-address/address-create",
          "passthroughBehavior" : "when_no_match"
        }
      }
    },
    "/shopify-proxy-order/generate-invoice" : {
      "get" : {
        "operationId" : "ShopifyProxyOrderController_generateInvoice",
        "parameters" : [ {
          "name" : "orderId",
          "in" : "query",
          "required" : true,
          "schema" : {
            "type" : "string"
          }
        }, {
          "name" : "fulfillmentId",
          "in" : "query",
          "required" : true,
          "schema" : {
            "type" : "string"
          }
        } ],
        "responses" : {
          "200" : {
            "description" : "200 response",
            "content" : { }
          }
        },
        "x-amazon-apigateway-integration" : {
          "type" : "http_proxy",
          "httpMethod" : "GET",
          "uri" : "https://vngg4n3xyu.ap-southeast-1.awsapprunner.com/shopify-proxy-order/generate-invoice",
          "passthroughBehavior" : "when_no_match"
        }
      }
    },
    "/shopify-proxy-account/transaction-histories" : {
      "get" : {
        "operationId" : "ShopifyProxyAccountController_transactionHistories",
        "responses" : {
          "200" : {
            "description" : "200 response",
            "content" : { }
          }
        },
        "x-amazon-apigateway-integration" : {
          "type" : "http_proxy",
          "httpMethod" : "GET",
          "uri" : "https://vngg4n3xyu.ap-southeast-1.awsapprunner.com/shopify-proxy-account/transaction-histories",
          "passthroughBehavior" : "when_no_match"
        }
      }
    },
    "/shopify-proxy-account/vouchers" : {
      "get" : {
        "operationId" : "ShopifyProxyAccountController_vouchers",
        "responses" : {
          "200" : {
            "description" : "200 response",
            "content" : { }
          }
        },
        "x-amazon-apigateway-integration" : {
          "type" : "http_proxy",
          "httpMethod" : "GET",
          "uri" : "https://vngg4n3xyu.ap-southeast-1.awsapprunner.com/shopify-proxy-account/vouchers",
          "passthroughBehavior" : "when_no_match"
        }
      }
    },
    "/shopify-proxy-order/order-status" : {
      "get" : {
        "operationId" : "ShopifyProxyOrderController_orderReturnStatus",
        "parameters" : [ {
          "name" : "orderId",
          "in" : "query",
          "required" : true,
          "schema" : {
            "type" : "string"
          }
        } ],
        "responses" : {
          "200" : {
            "description" : "200 response",
            "content" : { }
          }
        },
        "x-amazon-apigateway-integration" : {
          "type" : "http_proxy",
          "httpMethod" : "GET",
          "uri" : "https://vngg4n3xyu.ap-southeast-1.awsapprunner.com/shopify-proxy-order/order-status",
          "passthroughBehavior" : "when_no_match"
        }
      }
    },
    "/shopify-proxy-auth/login" : {
      "post" : {
        "operationId" : "ShopifyProxyAuthController_login",
        "requestBody" : {
          "content" : {
            "application/json" : {
              "schema" : {
                "$ref" : "#/components/schemas/ShopifyProxyAuthLoginDto"
              }
            }
          },
          "required" : true
        },
        "responses" : {
          "200" : {
            "description" : "200 response",
            "content" : { }
          }
        },
        "x-amazon-apigateway-integration" : {
          "type" : "http_proxy",
          "httpMethod" : "POST",
          "uri" : "https://vngg4n3xyu.ap-southeast-1.awsapprunner.com/shopify-proxy-auth/login",
          "passthroughBehavior" : "when_no_match"
        }
      }
    },
    "/shopify-proxy-address/addresses" : {
      "get" : {
        "operationId" : "ShopifyProxyAddressController_addresses",
        "responses" : {
          "200" : {
            "description" : "200 response",
            "content" : { }
          }
        },
        "x-amazon-apigateway-integration" : {
          "type" : "http_proxy",
          "httpMethod" : "GET",
          "uri" : "https://vngg4n3xyu.ap-southeast-1.awsapprunner.com/shopify-proxy-address/addresses",
          "passthroughBehavior" : "when_no_match"
        }
      }
    },
    "/shopify-proxy-auth/register" : {
      "post" : {
        "operationId" : "ShopifyProxyAuthController_register",
        "parameters" : [ {
          "name" : "referer",
          "in" : "header",
          "required" : true,
          "schema" : {
            "type" : "string"
          }
        } ],
        "requestBody" : {
          "content" : {
            "application/json" : {
              "schema" : {
                "$ref" : "#/components/schemas/ShopifyProxyRegisterDto"
              }
            }
          },
          "required" : true
        },
        "responses" : {
          "200" : {
            "description" : "200 response",
            "content" : { }
          }
        },
        "x-amazon-apigateway-integration" : {
          "type" : "http_proxy",
          "httpMethod" : "POST",
          "uri" : "https://vngg4n3xyu.ap-southeast-1.awsapprunner.com/shopify-proxy-auth/register",
          "passthroughBehavior" : "when_no_match"
        }
      }
    },
    "/shopify-proxy-account/info" : {
      "get" : {
        "operationId" : "ShopifyProxyAccountController_info",
        "responses" : {
          "200" : {
            "description" : "200 response",
            "content" : { }
          }
        },
        "x-amazon-apigateway-integration" : {
          "type" : "http_proxy",
          "httpMethod" : "GET",
          "uri" : "https://vngg4n3xyu.ap-southeast-1.awsapprunner.com/shopify-proxy-account/info",
          "passthroughBehavior" : "when_no_match"
        }
      }
    },
    "/shopify-oauth/init" : {
      "get" : {
        "operationId" : "ShopifyOauthController_init",
        "responses" : {
          "302" : {
            "description" : "302 response",
            "content" : { }
          }
        },
        "x-amazon-apigateway-integration" : {
          "type" : "http_proxy",
          "httpMethod" : "GET",
          "uri" : "https://vngg4n3xyu.ap-southeast-1.awsapprunner.com/shopify-oauth/init",
          "passthroughBehavior" : "when_no_match"
        }
      }
    },
    "/shopify-proxy-order/track-order" : {
      "post" : {
        "operationId" : "ShopifyProxyOrderController_trackOrder",
        "requestBody" : {
          "content" : {
            "application/json" : {
              "schema" : {
                "$ref" : "#/components/schemas/ShopifyProxyAccountTrackOrderDto"
              }
            }
          },
          "required" : true
        },
        "responses" : {
          "200" : {
            "description" : "200 response",
            "content" : { }
          }
        },
        "x-amazon-apigateway-integration" : {
          "type" : "http_proxy",
          "httpMethod" : "POST",
          "uri" : "https://vngg4n3xyu.ap-southeast-1.awsapprunner.com/shopify-proxy-order/track-order",
          "passthroughBehavior" : "when_no_match"
        }
      }
    },
    "/shopify-proxy-auth/forgot-password" : {
      "post" : {
        "operationId" : "ShopifyProxyAuthController_forgotPassword",
        "requestBody" : {
          "content" : {
            "application/json" : {
              "schema" : {
                "$ref" : "#/components/schemas/ShopifyProxyAuthValidateDto"
              }
            }
          },
          "required" : true
        },
        "responses" : {
          "200" : {
            "description" : "200 response",
            "content" : { }
          }
        },
        "x-amazon-apigateway-integration" : {
          "type" : "http_proxy",
          "httpMethod" : "POST",
          "uri" : "https://vngg4n3xyu.ap-southeast-1.awsapprunner.com/shopify-proxy-auth/forgot-password",
          "passthroughBehavior" : "when_no_match"
        }
      }
    },
    "/shopify-proxy-auth/resend-otp" : {
      "post" : {
        "operationId" : "ShopifyProxyAuthController_resendOtp",
        "requestBody" : {
          "content" : {
            "application/json" : {
              "schema" : {
                "$ref" : "#/components/schemas/ShopifyProxyAuthValidateDto"
              }
            }
          },
          "required" : true
        },
        "responses" : {
          "200" : {
            "description" : "200 response",
            "content" : { }
          }
        },
        "x-amazon-apigateway-integration" : {
          "type" : "http_proxy",
          "httpMethod" : "POST",
          "uri" : "https://vngg4n3xyu.ap-southeast-1.awsapprunner.com/shopify-proxy-auth/resend-otp",
          "passthroughBehavior" : "when_no_match"
        }
      }
    },
    "/shopify-proxy-discount/loyalty-points" : {
      "post" : {
        "operationId" : "ShopifyProxyDiscountController_loyaltyPoints",
        "requestBody" : {
          "content" : {
            "application/json" : {
              "schema" : {
                "$ref" : "#/components/schemas/ShopifyProxyLoyaltyApplyDto"
              }
            }
          },
          "required" : true
        },
        "responses" : {
          "200" : {
            "description" : "200 response",
            "content" : { }
          }
        },
        "x-amazon-apigateway-integration" : {
          "type" : "http_proxy",
          "httpMethod" : "POST",
          "uri" : "https://vngg4n3xyu.ap-southeast-1.awsapprunner.com/shopify-proxy-discount/loyalty-points",
          "passthroughBehavior" : "when_no_match"
        }
      },
      "options" : {
        "responses" : {
          "200" : {
            "description" : "200 response",
            "headers" : {
              "Access-Control-Allow-Origin" : {
                "schema" : {
                  "type" : "string"
                }
              },
              "Access-Control-Allow-Methods" : {
                "schema" : {
                  "type" : "string"
                }
              },
              "Access-Control-Max-Age" : {
                "schema" : {
                  "type" : "string"
                }
              },
              "Access-Control-Allow-Headers" : {
                "schema" : {
                  "type" : "string"
                }
              }
            },
            "content" : { }
          }
        },
        "x-amazon-apigateway-integration" : {
          "type" : "mock",
          "responses" : {
            "default" : {
              "statusCode" : "200",
              "responseParameters" : {
                "method.response.header.Access-Control-Max-Age" : "'86400'",
                "method.response.header.Access-Control-Allow-Methods" : "'OPTIONS'",
                "method.response.header.Access-Control-Allow-Headers" : "'Content-Type,X-Amz-Date,Authorization,X-Api-Key,X-Amz-Security-Token,Content-Type, Accept, Authorization, X-Requested-With, Application, ip'",
                "method.response.header.Access-Control-Allow-Origin" : "'*'"
              }
            }
          },
          "requestTemplates" : {
            "application/json" : "{\"statusCode\": 200}"
          },
          "passthroughBehavior" : "when_no_match"
        }
      }
    },
    "/shopify-oauth/redirect" : {
      "get" : {
        "operationId" : "ShopifyOauthController_oauthRedirect",
        "responses" : {
          "302" : {
            "description" : "302 response",
            "content" : { }
          }
        },
        "x-amazon-apigateway-integration" : {
          "type" : "http_proxy",
          "httpMethod" : "GET",
          "uri" : "https://vngg4n3xyu.ap-southeast-1.awsapprunner.com/shopify-oauth/redirect",
          "passthroughBehavior" : "when_no_match"
        }
      }
    },
    "/shopify-proxy-auth/update" : {
      "post" : {
        "operationId" : "ShopifyProxyAuthController_update",
        "requestBody" : {
          "content" : {
            "application/json" : {
              "schema" : {
                "$ref" : "#/components/schemas/ShopifyProxyUpdateDto"
              }
            }
          },
          "required" : true
        },
        "responses" : {
          "200" : {
            "description" : "200 response",
            "content" : { }
          }
        },
        "x-amazon-apigateway-integration" : {
          "type" : "http_proxy",
          "httpMethod" : "POST",
          "uri" : "https://vngg4n3xyu.ap-southeast-1.awsapprunner.com/shopify-proxy-auth/update",
          "passthroughBehavior" : "when_no_match"
        }
      }
    }
  },
  "components" : {
    "schemas" : {
      "ShopifyProxyVerifyOtpDto" : {
        "required" : [ "otp", "username" ],
        "type" : "object",
        "properties" : {
          "username" : {
            "type" : "string",
            "description" : "The Email/Phone of the user to authenticate."
          },
          "otp" : {
            "type" : "string",
            "description" : "The otp of the user to authenticate."
          }
        }
      },
      "ShopifyProxyCustomerAddressDto" : {
        "required" : [ "address1", "address2", "city", "company", "country", "firstName", "lastName", "phone", "province", "zip" ],
        "type" : "object",
        "properties" : {
          "address1" : {
            "type" : "string",
            "description" : "The first line of the address. Typically the street address or PO Box number."
          },
          "address2" : {
            "type" : "string",
            "description" : "The second line of the address. Typically the number of the apartment, suite, or unit."
          },
          "city" : {
            "type" : "string",
            "description" : "The name of the city, district, village, or town."
          },
          "company" : {
            "type" : "string",
            "description" : "The name of the customer's company or organization."
          },
          "country" : {
            "type" : "string",
            "description" : "The name of the country."
          },
          "firstName" : {
            "type" : "string",
            "description" : "The first name of the customer."
          },
          "lastName" : {
            "type" : "string",
            "description" : "The last name of the customer."
          },
          "phone" : {
            "type" : "string",
            "description" : "A unique phone number for the customer."
          },
          "province" : {
            "type" : "string",
            "description" : "The region of the address, such as the province, state, or district."
          },
          "zip" : {
            "type" : "string",
            "description" : "The zip or postal code of the address."
          }
        }
      },
      "ShopifyProxyAccountTrackOrderDto" : {
        "required" : [ "orderId", "token", "username" ],
        "type" : "object",
        "properties" : {
          "username" : {
            "type" : "string",
            "description" : "The Email/Phone of the user to authenticate."
          },
          "orderId" : {
            "type" : "string",
            "description" : "A unique order identifier."
          },
          "token" : {
            "type" : "string",
            "description" : "A unique order token."
          }
        }
      },
      "ShopifyProxyAuthTermDto" : {
        "required" : [ "token" ],
        "type" : "object",
        "properties" : {
          "token" : {
            "type" : "string",
            "description" : "The token of the user to authenticate."
          }
        }
      },
      "ShopifyProxyUpdateDto" : {
        "required" : [ "confirmPassword", "password" ],
        "type" : "object",
        "properties" : {
          "token" : {
            "type" : "string",
            "description" : "token"
          },
          "firstName" : {
            "type" : "string",
            "description" : "The first name of the user"
          },
          "lastName" : {
            "type" : "string",
            "description" : "The last name of the user"
          },
          "email" : {
            "type" : "string",
            "description" : "The email of the user to authenticate."
          },
          "phone" : {
            "type" : "string",
            "description" : "The phone of the user to authenticate."
          },
          "referralCode" : {
            "type" : "string",
            "description" : "Referral code"
          },
          "dob" : {
            "type" : "string",
            "description" : "Date of birth"
          },
          "gender" : {
            "type" : "string",
            "description" : "Gender",
            "enum" : [ "Male", "Female", "Not Disclosed" ]
          },
          "emailOptIn" : {
            "type" : "boolean",
            "description" : "Email opt in"
          },
          "smsOptIn" : {
            "type" : "boolean",
            "description" : "SMS opt in"
          },
          "postalAddress" : {
            "type" : "string",
            "description" : "Postal address"
          },
          "password" : {
            "type" : "string",
            "description" : "The password of the user to authenticate."
          },
          "confirmPassword" : {
            "type" : "string",
            "description" : "The password of the user to authenticate."
          }
        }
      },
      "ShopifyProxyReferrerDto" : {
        "required" : [ "username" ],
        "type" : "object",
        "properties" : {
          "username" : {
            "type" : "string",
            "description" : "The Email/Phone of the referrer"
          },
          "name" : {
            "type" : "string",
            "description" : "The Refree name"
          }
        }
      },
      "ShopifyProxyCustomerPasswordResetDto" : {
        "required" : [ "confirmPassword", "currentPassword", "password" ],
        "type" : "object",
        "properties" : {
          "currentPassword" : {
            "type" : "string",
            "description" : "Current Password"
          },
          "password" : {
            "type" : "string",
            "description" : "New Password"
          },
          "confirmPassword" : {
            "type" : "string",
            "description" : "Confirm Password"
          }
        }
      },
      "ShopifyProxyAuthValidateDto" : {
        "required" : [ "username" ],
        "type" : "object",
        "properties" : {
          "username" : {
            "type" : "string",
            "description" : "The Email/Phone of the user to authenticate."
          }
        }
      },
      "ShopifyProxyValidateReferralCodeDto" : {
        "required" : [ "referralCode" ],
        "type" : "object",
        "properties" : {
          "referralCode" : {
            "type" : "string",
            "description" : "Referral code"
          }
        }
      },
      "ShopifyProxyVoucherApplyDto" : {
        "required" : [ "code" ],
        "type" : "object",
        "properties" : {
          "code" : {
            "type" : "string",
            "description" : "Voucher code"
          }
        }
      },
      "ShopifyProxyLoyaltyApplyDto" : {
        "required" : [ "applyLoyalty", "subtotalAmount", "totalAmount", "totalDiscount", "totalShippingAmount", "totalTaxAmount" ],
        "type" : "object",
        "properties" : {
          "applyLoyalty" : {
            "type" : "boolean",
            "description" : "Loaylty apply flag"
          },
          "subtotalAmount" : {
            "type" : "number",
            "description" : "Cart Sub total"
          },
          "totalAmount" : {
            "type" : "number",
            "description" : "Cart total"
          },
          "totalDiscount" : {
            "type" : "number",
            "description" : "Cart discount total with RedTab discount"
          },
          "totalShippingAmount" : {
            "type" : "number",
            "description" : "Cart shipping total"
          },
          "totalTaxAmount" : {
            "type" : "number",
            "description" : "Cart tax total"
          }
        }
      },
      "ShopifyProxyCustomerUpdateDto" : {
        "required" : [ "taxAddress", "taxId" ],
        "type" : "object",
        "properties" : {
          "firstName" : {
            "type" : "string",
            "description" : "The first name of the user"
          },
          "lastName" : {
            "type" : "string",
            "description" : "The last name of the user"
          },
          "gender" : {
            "type" : "string",
            "description" : "Gender",
            "enum" : [ "Male", "Female", "Not Disclosed" ]
          },
          "emailOptIn" : {
            "type" : "boolean",
            "description" : "Email opt in"
          },
          "smsOptIn" : {
            "type" : "boolean",
            "description" : "SMS opt in"
          },
          "postalAddress" : {
            "type" : "string",
            "description" : "Postal address"
          },
          "taxId" : {
            "type" : "string",
            "description" : "Tax ID"
          },
          "taxAddress" : {
            "type" : "string",
            "description" : "Tax Address"
          }
        }
      },
      "ShopifyProxyCustomerAddressUpdateDto" : {
        "required" : [ "id" ],
        "type" : "object",
        "properties" : {
          "address1" : {
            "type" : "string",
            "description" : "The first line of the address. Typically the street address or PO Box number."
          },
          "address2" : {
            "type" : "string",
            "description" : "The second line of the address. Typically the number of the apartment, suite, or unit."
          },
          "city" : {
            "type" : "string",
            "description" : "The name of the city, district, village, or town."
          },
          "company" : {
            "type" : "string",
            "description" : "The name of the customer's company or organization."
          },
          "country" : {
            "type" : "string",
            "description" : "The name of the country."
          },
          "firstName" : {
            "type" : "string",
            "description" : "The first name of the customer."
          },
          "lastName" : {
            "type" : "string",
            "description" : "The last name of the customer."
          },
          "phone" : {
            "type" : "string",
            "description" : "A unique phone number for the customer."
          },
          "province" : {
            "type" : "string",
            "description" : "The region of the address, such as the province, state, or district."
          },
          "zip" : {
            "type" : "string",
            "description" : "The zip or postal code of the address."
          },
          "id" : {
            "type" : "string",
            "description" : "A unique address identifier."
          }
        }
      },
      "ShopifyProxyRegisterDto" : {
        "required" : [ "confirmPassword", "dob", "email", "emailOptIn", "firstName", "gender", "lastName", "password", "phone", "postalAddress", "referralCode", "smsOptIn", "token" ],
        "type" : "object",
        "properties" : {
          "token" : {
            "type" : "string",
            "description" : "token"
          },
          "firstName" : {
            "type" : "string",
            "description" : "The first name of the user"
          },
          "lastName" : {
            "type" : "string",
            "description" : "The last name of the user"
          },
          "email" : {
            "type" : "string",
            "description" : "The email of the user to authenticate."
          },
          "phone" : {
            "type" : "string",
            "description" : "The phone of the user to authenticate."
          },
          "password" : {
            "type" : "string",
            "description" : "The password of the user to authenticate."
          },
          "confirmPassword" : {
            "type" : "string",
            "description" : "The password of the user to authenticate."
          },
          "referralCode" : {
            "type" : "string",
            "description" : "Referral code"
          },
          "dob" : {
            "type" : "string",
            "description" : "Date of birth"
          },
          "gender" : {
            "type" : "string",
            "description" : "Gender",
            "enum" : [ "Male", "Female", "Not Disclosed" ]
          },
          "emailOptIn" : {
            "type" : "boolean",
            "description" : "Email opt in"
          },
          "smsOptIn" : {
            "type" : "boolean",
            "description" : "SMS opt in"
          },
          "postalAddress" : {
            "type" : "string",
            "description" : "Postal address"
          }
        }
      },
      "ShopifyProxyAuthLoginDto" : {
        "required" : [ "password", "username" ],
        "type" : "object",
        "properties" : {
          "username" : {
            "type" : "string",
            "description" : "The Email/Phone of the user to authenticate."
          },
          "password" : {
            "type" : "string",
            "description" : "The password of the user to authenticate."
          }
        }
      }
    }
  },
  "x-amazon-apigateway-policy" : {
    "Version" : "2012-10-17",
    "Statement" : [ {
      "Effect" : "Allow",
      "Principal" : "*",
      "Action" : "execute-api:Invoke",
      "Resource" : "*",
      "Condition" : {
        "IpAddress" : {
          "aws:SourceIp" : [ "104.71.131.0/24", "104.97.78.0/24", "184.26.44.0/24", "184.27.120.0/24", "184.51.101.0/24", "184.51.151.0/24", "184.51.199.0/24", "184.84.239.0/24", "2.16.218.0/24", "2.18.240.0/24", "23.205.127.0/24", "23.212.53.0/24", "23.215.15.0/24", "23.216.10.0/24", "23.219.36.0/24", "23.220.148.0/24", "23.34.58.0/24", "23.34.59.0/24", "23.62.239.0/24", "23.67.251.0/24", "23.79.240.0/24", "67.129.144.0/25", "72.246.150.0/24", "72.246.216.0/24", "96.17.8.0/24", "96.7.55.0/24", "155.57.254.1/32", "155.57.192.1/32", "67.220.142.19/32", "67.220.142.20/32", "67.220.142.21/32", "67.220.142.22/32", "66.198.8.141/32", "66.198.8.142/32", "66.198.8.143/32", "66.198.8.144/32", "23.48.168.0/22", "23.50.48.0/20", "2600:14a0::/40", "104.102.248.0/24", "104.120.139.0/24", "104.88.71.0/24", "104.90.7.0/24", "104.91.69.0/24", "184.28.194.0/24", "184.50.112.0/24", "2.17.38.0/24", "2.22.146.0/24", "23.194.187.0/24", "23.195.73.0/24", "23.206.170.0/24", "23.206.238.0/24", "23.213.54.0/24", "23.213.55.0/24", "23.221.23.0/24", "23.48.172.0/24", "23.48.209.0/24", "23.48.214.0/24", "23.48.94.0/24", "23.49.60.0/24", "23.64.122.0/24", "88.221.135.0/24", "88.221.75.0/24", "95.101.129.0/24", "95.101.236.0/24", "96.17.111.0/24", "155.57.155.200/32", "155.57.160.2/32", "155.57.192.1/32", "155.57.254.1/32", "54.71.190.215/32", "35.171.74.40/32", "3.10.78.67/32", "18.132.111.254/32", "18.207.79.114/32", "54.191.7.37/32", "172.23.0.0/16", "172.17.0.0/16", "172.26.0.0/16" ]
        }
      }
    } ]
  }
}