{
    "moduleFileExtensions": [
      "js",
      "json",
      "ts"
    ],
    "rootDir": "./",
    "modulePaths": ["<rootDir>"],
    "testRegex": ".spec.ts$",
    "transform": {
      "^.+\\.(t|j)s$": "ts-jest"
    },
    "coverageDirectory": "./coverage",
    "coveragePathIgnorePatterns": [
        "node_modules",
        "common",
        "providers",
        ".module.ts$",
        ".spec.ts$",
        "ascii.service.ts$",
        "crypto.service.ts$"
    ],
    "coverageThreshold": {
      "global": {
        "branches": 0,
        "functions": 0,
        "lines": 33,
        "statements": 40
      }
    },
    "reporters": [
      "default",
      [
        "jest-junit",
        {
          "outputDirectory": "coverage/junit",
          "outputName": "junit.xml"
        }
      ]
    ],
    "testResultsProcessor": "jest-junit",
    "testEnvironment": "node"
}