{"openapi":"3.0.0","paths":{"/shopify-proxy-auth/validate":{"post":{"operationId":"ShopifyProxyAuthController_validate","parameters":[],"requestBody":{"required":true,"content":{"application/json":{"schema":{"$ref":"#/components/schemas/ShopifyProxyAuthValidateDto"}}}},"responses":{"200":{"description":"User Validated"}},"tags":["Shopify Proxy App - Authentication"]}},"/shopify-proxy-auth/login":{"post":{"operationId":"ShopifyProxyAuthController_login","parameters":[],"requestBody":{"required":true,"content":{"application/json":{"schema":{"$ref":"#/components/schemas/ShopifyProxyAuthLoginDto"}}}},"responses":{"200":{"description":"User Login"}},"tags":["Shopify Proxy App - Authentication"]}},"/shopify-proxy-auth/verify-otp":{"post":{"operationId":"ShopifyProxyAuthController_verifyOtp","parameters":[],"requestBody":{"required":true,"content":{"application/json":{"schema":{"$ref":"#/components/schemas/ShopifyProxyVerifyOtpDto"}}}},"responses":{"200":{"description":"Otp Verified Successfully"}},"tags":["Shopify Proxy App - Authentication"]}},"/shopify-proxy-auth/resend-otp":{"post":{"operationId":"ShopifyProxyAuthController_resendOtp","parameters":[],"requestBody":{"required":true,"content":{"application/json":{"schema":{"$ref":"#/components/schemas/ShopifyProxyAuthValidateDto"}}}},"responses":{"200":{"description":"Resend Otp"}},"tags":["Shopify Proxy App - Authentication"]}},"/shopify-proxy-auth/register":{"post":{"operationId":"ShopifyProxyAuthController_register","parameters":[{"name":"referer","required":true,"in":"header","schema":{"type":"string"}}],"requestBody":{"required":true,"content":{"application/json":{"schema":{"$ref":"#/components/schemas/ShopifyProxyRegisterDto"}}}},"responses":{"200":{"description":"User Registered"}},"tags":["Shopify Proxy App - Authentication"]}},"/shopify-proxy-auth/update":{"post":{"operationId":"ShopifyProxyAuthController_update","parameters":[],"requestBody":{"required":true,"content":{"application/json":{"schema":{"$ref":"#/components/schemas/ShopifyProxyUpdateDto"}}}},"responses":{"200":{"description":"User Update"}},"tags":["Shopify Proxy App - Authentication"]}},"/shopify-proxy-auth/terms":{"post":{"operationId":"ShopifyProxyAuthController_terms","parameters":[],"requestBody":{"required":true,"content":{"application/json":{"schema":{"$ref":"#/components/schemas/ShopifyProxyAuthTermDto"}}}},"responses":{"200":{"description":"User Terms and condition update"}},"tags":["Shopify Proxy App - Authentication"]}},"/shopify-proxy-auth/forgot-password":{"post":{"operationId":"ShopifyProxyAuthController_forgotPassword","parameters":[],"requestBody":{"required":true,"content":{"application/json":{"schema":{"$ref":"#/components/schemas/ShopifyProxyAuthValidateDto"}}}},"responses":{"200":{"description":"Forgot password"}},"tags":["Shopify Proxy App - Authentication"]}},"/shopify-proxy-auth/validate-referral-code":{"post":{"operationId":"ShopifyProxyAuthController_referralCodeValidate","parameters":[],"requestBody":{"required":true,"content":{"application/json":{"schema":{"$ref":"#/components/schemas/ShopifyProxyValidateReferralCodeDto"}}}},"responses":{"200":{"description":"Validate Referral Code"}},"tags":["Shopify Proxy App - Authentication"]}},"/shopify-proxy-account/info":{"get":{"operationId":"ShopifyProxyAccountController_info","parameters":[],"responses":{"200":{"description":"Info"}},"tags":["Shopify Proxy App - Account"]}},"/shopify-proxy-account/rewards":{"get":{"operationId":"ShopifyProxyAccountController_rewards","parameters":[],"responses":{"200":{"description":"Rewards"}},"tags":["Shopify Proxy App - Account"]}},"/shopify-proxy-account/vouchers":{"get":{"operationId":"ShopifyProxyAccountController_vouchers","parameters":[],"responses":{"200":{"description":"Vouchers"}},"tags":["Shopify Proxy App - Account"]}},"/shopify-proxy-account/transaction-histories":{"get":{"operationId":"ShopifyProxyAccountController_transactionHistories","parameters":[],"responses":{"200":{"description":"Transaction History"}},"tags":["Shopify Proxy App - Account"]}},"/shopify-proxy-account/purchase-histories":{"get":{"operationId":"ShopifyProxyAccountController_purchaseHistories","parameters":[],"responses":{"200":{"description":"Purchase History"}},"tags":["Shopify Proxy App - Account"]}},"/shopify-proxy-customer/profile-update":{"put":{"operationId":"ShopifyProxyCustomerController_profileUpdate","parameters":[],"requestBody":{"required":true,"content":{"application/json":{"schema":{"$ref":"#/components/schemas/ShopifyProxyCustomerUpdateDto"}}}},"responses":{"200":{"description":"Profile Update"}},"tags":["Shopify Proxy App - Customer"]}},"/shopify-proxy-customer/password-reset":{"post":{"operationId":"ShopifyProxyCustomerController_passwordReset","parameters":[],"requestBody":{"required":true,"content":{"application/json":{"schema":{"$ref":"#/components/schemas/ShopifyProxyCustomerPasswordResetDto"}}}},"responses":{"200":{"description":"Password Reset"}},"tags":["Shopify Proxy App - Customer"]}},"/shopify-proxy-referrer/invite":{"post":{"operationId":"ShopifyProxyReferrerController_friendInvitationCreate","parameters":[],"requestBody":{"required":true,"content":{"application/json":{"schema":{"$ref":"#/components/schemas/ShopifyProxyReferrerDto"}}}},"responses":{"200":{"description":"Referrer"}},"tags":["Shopify Proxy App - Referrer"]}},"/shopify-proxy-customer-address/address-create":{"post":{"operationId":"ShopifyProxyCustomerAddressController_addressCreate","parameters":[],"requestBody":{"required":true,"content":{"application/json":{"schema":{"$ref":"#/components/schemas/ShopifyProxyCustomerAddressDto"}}}},"responses":{"200":{"description":"Address Create"}},"tags":["Shopify Proxy App - Customer Address"]}},"/shopify-proxy-customer-address/address-update":{"put":{"operationId":"ShopifyProxyCustomerAddressController_addressUpdate","parameters":[],"requestBody":{"required":true,"content":{"application/json":{"schema":{"$ref":"#/components/schemas/ShopifyProxyCustomerAddressUpdateDto"}}}},"responses":{"200":{"description":"Address Update"}},"tags":["Shopify Proxy App - Customer Address"]}},"/shopify-proxy-discount/vouchers":{"get":{"operationId":"ShopifyProxyDiscountController_vouchers","parameters":[],"responses":{"200":{"description":"Vouchers"}},"tags":["Shopify Proxy App - Discount"]}},"/shopify-proxy-discount/loyalty-points":{"post":{"operationId":"ShopifyProxyDiscountController_loyaltyPoints","parameters":[],"requestBody":{"required":true,"content":{"application/json":{"schema":{"$ref":"#/components/schemas/ShopifyProxyLoyaltyApplyDto"}}}},"responses":{"200":{"description":"Apply Loyalty Points"}},"tags":["Shopify Proxy App - Discount"]}},"/shopify-proxy-discount/apply-voucher":{"post":{"operationId":"ShopifyProxyDiscountController_applyVoucher","parameters":[],"requestBody":{"required":true,"content":{"application/json":{"schema":{"$ref":"#/components/schemas/ShopifyProxyVoucherApplyDto"}}}},"responses":{"200":{"description":"Apply Voucher"}},"tags":["Shopify Proxy App - Discount"]}},"/shopify-proxy-discount/remove-voucher":{"post":{"operationId":"ShopifyProxyDiscountController_removeVoucher","parameters":[],"requestBody":{"required":true,"content":{"application/json":{"schema":{"$ref":"#/components/schemas/ShopifyProxyVoucherApplyDto"}}}},"responses":{"200":{"description":"Remove Voucher"}},"tags":["Shopify Proxy App - Discount"]}},"/shopify-proxy-discount/voucher-type":{"get":{"operationId":"ShopifyProxyDiscountController_voucherType","parameters":[{"name":"code","required":true,"in":"query","description":"Voucher code","schema":{"type":"string"}}],"responses":{"200":{"description":"Voucher Type"}},"tags":["Shopify Proxy App - Discount"]}},"/shopify-proxy-order/track-order":{"post":{"operationId":"ShopifyProxyOrderController_trackOrder","parameters":[],"requestBody":{"required":true,"content":{"application/json":{"schema":{"$ref":"#/components/schemas/ShopifyProxyAccountTrackOrderDto"}}}},"responses":{"200":{"description":"Track Order"}},"tags":["Shopify Proxy App - Order"]}},"/shopify-proxy-order/order-status":{"get":{"operationId":"ShopifyProxyOrderController_orderReturnStatus","parameters":[{"name":"orderId","required":true,"in":"query","description":"A unique order identifier.","schema":{"type":"string"}}],"responses":{"200":{"description":"Return Status"}},"tags":["Shopify Proxy App - Order"]}},"/shopify-proxy-order/generate-invoice":{"get":{"operationId":"ShopifyProxyOrderController_generateInvoice","parameters":[{"name":"orderId","required":true,"in":"query","description":"A unique order identifier.","schema":{"type":"number"}},{"name":"fulfillmentId","required":true,"in":"query","description":"A unique fulfillment identifier.","schema":{"type":"number"}}],"responses":{"200":{"description":"Generate Invoice"}},"tags":["Shopify Proxy App - Order"]}},"/shopify-proxy-location/product-find-in-stores":{"get":{"operationId":"ShopifyProxyLocationController_productFindInStores","parameters":[{"name":"variantId","required":true,"in":"query","description":"Product Variant Id","examples":["23232"],"schema":{"type":"string"}},{"name":"lat","required":true,"in":"query","description":"Latitude","examples":["10.123456"],"schema":{"type":"string"}},{"name":"lng","required":true,"in":"query","description":"Longitude","examples":["10.123456"],"schema":{"type":"string"}}],"responses":{"200":{"description":"Find in stores"}},"tags":["Shopify Proxy App - Location"]}},"/shopify-proxy-otp/verify-otp":{"post":{"operationId":"ShopifyProxyOtpController_verifyOtp","parameters":[],"requestBody":{"required":true,"content":{"application/json":{"schema":{"$ref":"#/components/schemas/ShopifyProxyVerifyOtpDto"}}}},"responses":{"200":{"description":"Otp Verified Successfully"}},"tags":["Shopify Proxy App - Otp"]}},"/shopify-proxy-otp/send-otp":{"post":{"operationId":"ShopifyProxyOtpController_sendOtp","parameters":[],"requestBody":{"required":true,"content":{"application/json":{"schema":{"$ref":"#/components/schemas/ShopifyProxyAuthValidateDto"}}}},"responses":{"200":{"description":"Send Otp"}},"tags":["Shopify Proxy App - Otp"]}},"/shopify-proxy-address/addresses":{"get":{"operationId":"ShopifyProxyAddressController_addresses","parameters":[],"responses":{"200":{"description":"Get Addresses"}},"tags":["Shopify Proxy App - Address"]}},"/shopify-proxy-address/migrate":{"get":{"operationId":"ShopifyProxyAddressController_migrateAddress","parameters":[],"responses":{"200":{"description":""}},"tags":["Shopify Proxy App - Address"]}},"/shopify-oauth/init":{"get":{"operationId":"ShopifyOauthController_init","parameters":[],"responses":{"302":{"description":""}}}},"/shopify-oauth/redirect":{"get":{"operationId":"ShopifyOauthController_oauthRedirect","parameters":[],"responses":{"302":{"description":""}}}}},"info":{"title":"Levis Shopify Custom API","description":"The Levis Shopify Custom API description","version":"1.0","contact":{}},"tags":[],"servers":[],"components":{"schemas":{"ShopifyProxyAuthValidateDto":{"type":"object","properties":{"username":{"type":"string","description":"The Email/Phone of the user to authenticate.","examples":["user@example.com","9899899898"]}},"required":["username"]},"ShopifyProxyAuthLoginDto":{"type":"object","properties":{"username":{"type":"string","description":"The Email/Phone of the user to authenticate.","examples":["user@example.com","9899899898"]},"password":{"type":"string","description":"The password of the user to authenticate."}},"required":["username","password"]},"ShopifyProxyVerifyOtpDto":{"type":"object","properties":{"username":{"type":"string","description":"The Email/Phone of the user to authenticate.","examples":["user@example.com","9899899898"]},"otp":{"type":"string","description":"The otp of the user to authenticate."}},"required":["username","otp"]},"ShopifyProxyRegisterDto":{"type":"object","properties":{"token":{"type":"string","description":"token"},"firstName":{"type":"string","description":"The first name of the user","example":"John"},"lastName":{"type":"string","description":"The last name of the user","example":"Doe"},"email":{"type":"string","description":"The email of the user to authenticate.","example":"john@example.com"},"phone":{"type":"string","description":"The phone of the user to authenticate.","example":"+1234567890"},"password":{"type":"string","description":"The password of the user to authenticate."},"confirmPassword":{"type":"string","description":"The password of the user to authenticate."},"referralCode":{"type":"string","description":"Referral code"},"dob":{"type":"string","description":"Date of birth","example":"2021-05-01"},"gender":{"type":"string","description":"Gender","example":"Male","enum":["Male","Female","Not Disclosed"]},"emailOptIn":{"type":"boolean","description":"Email opt in","example":true},"smsOptIn":{"type":"boolean","description":"SMS opt in","example":true},"postalAddress":{"type":"string","description":"Postal address","example":"123 Main St, New York, NY 10001"}},"required":["token","firstName","lastName","email","phone","password","confirmPassword","referralCode","dob","gender","emailOptIn","smsOptIn","postalAddress"]},"ShopifyProxyUpdateDto":{"type":"object","properties":{"token":{"type":"string","description":"token"},"firstName":{"type":"string","description":"The first name of the user","example":"John"},"lastName":{"type":"string","description":"The last name of the user","example":"Doe"},"email":{"type":"string","description":"The email of the user to authenticate.","example":"john@example.com"},"phone":{"type":"string","description":"The phone of the user to authenticate.","example":"+1234567890"},"referralCode":{"type":"string","description":"Referral code"},"dob":{"type":"string","description":"Date of birth","example":"2021-05-01"},"gender":{"type":"string","description":"Gender","example":"Male","enum":["Male","Female","Not Disclosed"]},"emailOptIn":{"type":"boolean","description":"Email opt in","example":true},"smsOptIn":{"type":"boolean","description":"SMS opt in","example":true},"postalAddress":{"type":"string","description":"Postal address","example":"123 Main St, New York, NY 10001"},"password":{"type":"string","description":"The password of the user to authenticate."},"confirmPassword":{"type":"string","description":"The password of the user to authenticate."}},"required":["password","confirmPassword"]},"ShopifyProxyAuthTermDto":{"type":"object","properties":{"token":{"type":"string","description":"The token of the user to authenticate."}},"required":["token"]},"ShopifyProxyValidateReferralCodeDto":{"type":"object","properties":{"referralCode":{"type":"string","description":"Referral code"}},"required":["referralCode"]},"ShopifyProxyCustomerUpdateDto":{"type":"object","properties":{"firstName":{"type":"string","description":"The first name of the user","example":"John"},"lastName":{"type":"string","description":"The last name of the user","example":"Doe"},"gender":{"type":"string","description":"Gender","example":"Male","enum":["Male","Female","Not Disclosed"]},"emailOptIn":{"type":"boolean","description":"Email opt in","example":true},"smsOptIn":{"type":"boolean","description":"SMS opt in","example":true},"postalAddress":{"type":"string","description":"Postal address","example":"123 Main St, New York, NY 10001"},"taxId":{"type":"string","description":"Tax ID","example":"1234567890"},"taxAddress":{"type":"string","description":"Tax Address","example":"123 Main St"}},"required":["taxId","taxAddress"]},"ShopifyProxyCustomerPasswordResetDto":{"type":"object","properties":{"currentPassword":{"type":"string","description":"Current Password","example":"*********"},"password":{"type":"string","description":"New Password","example":"*********"},"confirmPassword":{"type":"string","description":"Confirm Password","example":"*********"}},"required":["currentPassword","password","confirmPassword"]},"ShopifyProxyReferrerDto":{"type":"object","properties":{"username":{"type":"string","description":"The Email/Phone of the referrer","examples":["user@example.com","9899899898"]},"name":{"type":"string","description":"The Refree name","examples":["John Doe"]}},"required":["username"]},"ShopifyProxyCustomerAddressDto":{"type":"object","properties":{"address1":{"type":"string","description":"The first line of the address. Typically the street address or PO Box number."},"address2":{"type":"string","description":"The second line of the address. Typically the number of the apartment, suite, or unit."},"city":{"type":"string","description":"The name of the city, district, village, or town."},"company":{"type":"string","description":"The name of the customer's company or organization."},"country":{"type":"string","description":"The name of the country."},"firstName":{"type":"string","description":"The first name of the customer."},"lastName":{"type":"string","description":"The last name of the customer."},"phone":{"type":"string","description":"A unique phone number for the customer.","example":"+16135551111"},"province":{"type":"string","description":"The region of the address, such as the province, state, or district."},"zip":{"type":"string","description":"The zip or postal code of the address."}},"required":["address1","address2","city","company","country","firstName","lastName","phone","province","zip"]},"ShopifyProxyCustomerAddressUpdateDto":{"type":"object","properties":{"address1":{"type":"string","description":"The first line of the address. Typically the street address or PO Box number."},"address2":{"type":"string","description":"The second line of the address. Typically the number of the apartment, suite, or unit."},"city":{"type":"string","description":"The name of the city, district, village, or town."},"company":{"type":"string","description":"The name of the customer's company or organization."},"country":{"type":"string","description":"The name of the country."},"firstName":{"type":"string","description":"The first name of the customer."},"lastName":{"type":"string","description":"The last name of the customer."},"phone":{"type":"string","description":"A unique phone number for the customer.","example":"+16135551111"},"province":{"type":"string","description":"The region of the address, such as the province, state, or district."},"zip":{"type":"string","description":"The zip or postal code of the address."},"id":{"type":"string","description":"A unique address identifier."}},"required":["id"]},"ShopifyProxyLoyaltyApplyDto":{"type":"object","properties":{"applyLoyalty":{"type":"boolean","description":"Loaylty apply flag"},"subtotalAmount":{"type":"number","description":"Cart Sub total"},"totalAmount":{"type":"number","description":"Cart total"},"totalDiscount":{"type":"number","description":"Cart discount total with RedTab discount"},"totalShippingAmount":{"type":"number","description":"Cart shipping total"},"totalTaxAmount":{"type":"number","description":"Cart tax total"}},"required":["applyLoyalty","subtotalAmount","totalAmount","totalDiscount","totalShippingAmount","totalTaxAmount"]},"ShopifyProxyVoucherApplyDto":{"type":"object","properties":{"code":{"type":"string","description":"Voucher code"}},"required":["code"]},"ShopifyProxyAccountTrackOrderDto":{"type":"object","properties":{"username":{"type":"string","description":"The Email/Phone of the user to authenticate.","examples":["user@example.com","9899899898"]},"orderId":{"type":"string","description":"A unique order identifier."},"token":{"type":"string","description":"A unique order token."}},"required":["username","orderId","token"]}}}}